repeat,fold,representation,roc_auc,pr_auc,balanced_accuracy,sensitivity,specificity,best_C,n_test,n_test_patients
0,0,Segmentation-size baseline,0.6079601661940249,0.7603108195315303,0.5842016751302512,0.5836575875486382,0.5847457627118644,100.0,375,16
0,0,RAG,0.6178196926729539,0.7850418845790847,0.5456703818505573,0.7354085603112841,0.3559322033898305,10.0,375,16
0,0,Regional contact multigraph,0.626261293939194,0.7784405565994897,0.5694948229242234,0.7237354085603113,0.4152542372881356,0.01,375,16
0,0,HIG without cuts,0.6620721493108224,0.7949076496116733,0.6225021433753215,0.7704280155642024,0.4745762711864407,0.01,375,16
0,0,Binary-incidence HIG,0.6698212754731914,0.796163756049098,0.6371595330739299,0.77431906614786,0.5,0.001,375,16
0,0,Full HIG,0.6713051506957726,0.7977076235534946,0.6371595330739299,0.77431906614786,0.5,0.001,375,16
0,1,Segmentation-size baseline,0.6892319137065278,0.8846625752209756,0.6318579133345732,0.5795053003533569,0.6842105263157895,100.0,359,16
0,1,RAG,0.7869629905151572,0.9300206293621155,0.6619629905151572,0.784452296819788,0.5394736842105263,100.0,359,16
0,1,Regional contact multigraph,0.8019341640319879,0.9285436255090436,0.713315975450995,0.7950530035335689,0.631578947368421,100.0,359,16
0,1,HIG without cuts,0.816905337548819,0.9310557167341548,0.7606472010414729,0.784452296819788,0.7368421052631579,10.0,359,16
0,1,Binary-incidence HIG,0.834061744467175,0.9424511070924871,0.7409103589362098,0.784452296819788,0.6973684210526315,0.1,359,16
0,1,Full HIG,0.834061744467175,0.9424511070924871,0.7409103589362098,0.784452296819788,0.6973684210526315,0.1,359,16
0,2,Segmentation-size baseline,0.7668013468013468,0.8123506769610829,0.694006734006734,0.6472727272727272,0.7407407407407407,100.0,437,17
0,2,RAG,0.8615039281705948,0.9046682590831767,0.7999214365881033,0.7418181818181818,0.8580246913580247,0.1,437,17
0,2,Regional contact multigraph,0.8747923681257015,0.9261010525090022,0.8084624017957351,0.7527272727272727,0.8641975308641975,100.0,437,17
0,2,HIG without cuts,0.8569921436588103,0.8942230367524885,0.7701122334455668,0.6945454545454546,0.845679012345679,0.001,437,17
0,2,Binary-incidence HIG,0.8648260381593715,0.9079641072687661,0.7799214365881033,0.7018181818181818,0.8580246913580247,0.001,437,17
0,2,Full HIG,0.8645566778900112,0.9062146162857916,0.7811896745230078,0.6981818181818182,0.8641975308641975,0.001,437,17
0,3,Segmentation-size baseline,0.3744607420189819,0.88152358702673,0.46009490940465925,0.26229508196721313,0.6578947368421053,100.0,343,16
0,3,RAG,0.5707506471095772,0.9116412033694312,0.5764020707506471,0.5475409836065573,0.6052631578947368,100.0,343,16
0,3,Regional contact multigraph,0.588783433994823,0.917376548727517,0.594521138912856,0.5311475409836065,0.6578947368421053,100.0,343,16
0,3,HIG without cuts,0.5937877480586712,0.9224282194361154,0.5977566867989645,0.5639344262295082,0.631578947368421,10.0,343,16
0,3,Binary-incidence HIG,0.6775668679896463,0.949943961127584,0.661993097497843,0.5081967213114754,0.8157894736842105,0.001,343,16
0,3,Full HIG,0.6772217428817948,0.9500193687851579,0.6554357204486626,0.49508196721311476,0.8157894736842105,0.001,343,16
0,4,Segmentation-size baseline,0.5903203463203464,0.6538588190794474,0.5782424242424242,0.308,0.8484848484848485,0.1,481,16
0,4,RAG,0.7223549783549783,0.7753068293556752,0.6739653679653679,0.612,0.7359307359307359,100.0,481,16
0,4,Regional contact multigraph,0.7065800865800865,0.7567189653189206,0.6636363636363636,0.6,0.7272727272727273,100.0,481,16
0,4,HIG without cuts,0.6341645021645022,0.6994815434406662,0.6021818181818182,0.568,0.6363636363636364,10.0,481,16
0,4,Binary-incidence HIG,0.5987705627705627,0.6735989170632629,0.5884329004329004,0.376,0.8008658008658008,0.001,481,16
0,4,Full HIG,0.6269090909090909,0.6774911433268862,0.6031688311688312,0.544,0.6623376623376623,0.1,481,16
1,0,Segmentation-size baseline,0.7099266631744369,0.716436374274682,0.650307752750131,0.5054347826086957,0.7951807228915663,0.1,350,16
1,0,RAG,0.812369041382923,0.825784432508,0.7206652697747512,0.6521739130434783,0.7891566265060241,100.0,350,16
1,0,Regional contact multigraph,0.8349266631744369,0.8602854460220105,0.7417496071241487,0.6521739130434783,0.8313253012048193,100.0,350,16
1,0,HIG without cuts,0.8454688318491357,0.8535732610692832,0.77884363541121,0.6902173913043478,0.8674698795180723,0.01,350,16
1,0,Binary-incidence HIG,0.8510673127291776,0.8525220437219682,0.7797276060764798,0.6739130434782609,0.8855421686746988,0.001,350,16
1,0,Full HIG,0.8494303300157151,0.8497014226131062,0.7770102147721321,0.6684782608695652,0.8855421686746988,0.001,350,16
1,1,Segmentation-size baseline,0.5799952141660684,0.5619763252052921,0.5607800909308447,0.6190476190476191,0.5025125628140703,0.1,409,16
1,1,RAG,0.6707585546781527,0.6851882319315328,0.6220268006700168,0.7666666666666667,0.47738693467336685,10.0,409,16
1,1,Regional contact multigraph,0.6570710696338837,0.6523055544443459,0.6236061258674324,0.7095238095238096,0.5376884422110553,0.001,409,16
1,1,HIG without cuts,0.6689399377841588,0.6816305112800466,0.6106484804977267,0.7238095238095238,0.49748743718592964,0.01,409,16
1,1,Binary-incidence HIG,0.6793730557549653,0.6868743122569902,0.6234745154343144,0.7142857142857143,0.5326633165829145,0.001,409,16
1,1,Full HIG,0.6776022972002871,0.6827987731286725,0.6213567839195979,0.7,0.542713567839196,0.001,409,16
1,2,Segmentation-size baseline,0.8226514486391572,0.8907516679669523,0.728270412642669,0.5447761194029851,0.9117647058823529,10.0,438,17
1,2,RAG,0.90770412642669,0.9466110693982928,0.8350526777875329,0.8171641791044776,0.8529411764705882,10.0,438,17
1,2,Regional contact multigraph,0.891044776119403,0.9332067868033099,0.7813213345039508,0.8097014925373134,0.7529411764705882,100.0,438,17
1,2,HIG without cuts,0.9100965759438104,0.9468197284237948,0.8313213345039507,0.8097014925373134,0.8529411764705882,0.01,438,17
1,2,Binary-incidence HIG,0.9265364354697103,0.9564475329400403,0.8593722563652326,0.8246268656716418,0.8941176470588236,0.001,438,17
1,2,Full HIG,0.9273924495171203,0.9571355320840704,0.8593722563652326,0.8246268656716418,0.8941176470588236,0.001,438,17
1,3,Segmentation-size baseline,0.6313725490196078,0.9626312492260765,0.6875,0.375,1.0,10.0,443,16
1,3,RAG,0.5941176470588235,0.9546280692038034,0.5031162464985994,0.6348039215686274,0.37142857142857144,100.0,443,16
1,3,Regional contact multigraph,0.5996498599439776,0.9555102248336755,0.5349439775910364,0.6127450980392157,0.45714285714285713,10.0,443,16
1,3,HIG without cuts,0.6387955182072829,0.9607815373683353,0.5847338935574229,0.5980392156862745,0.5714285714285714,1.0,443,16
1,3,Binary-incidence HIG,0.5308823529411766,0.9460990846537995,0.4818627450980392,0.5637254901960784,0.4,0.1,443,16
1,3,Full HIG,0.5305322128851541,0.9460552613719395,0.4818627450980392,0.5637254901960784,0.4,0.1,443,16
1,4,Segmentation-size baseline,0.670121212121212,0.91643350077814,0.6071212121212121,0.3233333333333333,0.8909090909090909,100.0,355,16
1,4,RAG,0.6038181818181819,0.897618751687103,0.5553030303030303,0.5833333333333334,0.5272727272727272,100.0,355,16
1,4,Regional contact multigraph,0.6010303030303029,0.8947661806793205,0.5651515151515152,0.5666666666666667,0.5636363636363636,100.0,355,16
1,4,HIG without cuts,0.6263030303030303,0.898150121223695,0.6090909090909091,0.6,0.6181818181818182,10.0,355,16
1,4,Binary-incidence HIG,0.6332121212121212,0.9008784362928637,0.6133333333333333,0.6266666666666667,0.6,100.0,355,16
1,4,Full HIG,0.6326666666666667,0.9006673820357798,0.6133333333333333,0.6266666666666667,0.6,100.0,355,16
2,0,Segmentation-size baseline,0.7082168668630857,0.7459514976710119,0.6519352320515726,0.511520737327189,0.7923497267759563,100.0,400,16
2,0,RAG,0.7723552668026491,0.8142831739552877,0.7113142454231824,0.695852534562212,0.726775956284153,10.0,400,16
2,0,Regional contact multigraph,0.7497670670595049,0.7736677146999698,0.675631437133288,0.6682027649769585,0.6830601092896175,10.0,400,16
2,0,HIG without cuts,0.7409533882299615,0.7928803396639204,0.6579537155951751,0.6820276497695853,0.6338797814207651,0.1,400,16
2,0,Binary-incidence HIG,0.7502203419707385,0.799152426050125,0.6572612122585682,0.7188940092165899,0.5956284153005464,0.1,400,16
2,0,Full HIG,0.7499685225756088,0.7988128107426028,0.6572612122585682,0.7188940092165899,0.5956284153005464,0.1,400,16
2,1,Segmentation-size baseline,0.5109973867595818,0.7397344188185646,0.5146994773519163,0.2347560975609756,0.7946428571428571,0.1,440,16
2,1,RAG,0.635806837979094,0.8286608762791453,0.6276132404181185,0.4695121951219512,0.7857142857142857,0.01,440,16
2,1,Regional contact multigraph,0.6748693379790941,0.871056342024839,0.665831881533101,0.4298780487804878,0.9017857142857143,0.001,440,16
2,1,HIG without cuts,0.6960202526132404,0.8739880803165172,0.625,0.375,0.875,0.001,440,16
2,1,Binary-incidence HIG,0.6870100174216027,0.8716747266931876,0.6238022648083623,0.39939024390243905,0.8482142857142857,0.001,440,16
2,1,Full HIG,0.6875272212543553,0.8713931677292811,0.6238022648083623,0.39939024390243905,0.8482142857142857,0.001,440,16
2,2,Segmentation-size baseline,0.6304261250497809,0.8814770716644945,0.6257376633720719,0.5601173020527859,0.691358024691358,100.0,422,17
2,2,RAG,0.8088773035009595,0.9485037083309511,0.734929944607364,0.6920821114369502,0.7777777777777778,100.0,422,17
2,2,Regional contact multigraph,0.8038811049563739,0.9480474881565217,0.7384779696607653,0.6744868035190615,0.8024691358024691,100.0,422,17
2,2,HIG without cuts,0.8274139241881178,0.9540370859584052,0.7299880525686977,0.6451612903225806,0.8148148148148148,0.01,422,17
2,2,Binary-incidence HIG,0.8268708591289237,0.9532204101902336,0.7317620650953984,0.6363636363636364,0.8271604938271605,0.001,422,17
2,2,Full HIG,0.8271604938271605,0.9534192062184661,0.7332283407552225,0.6392961876832844,0.8271604938271605,0.001,422,17
2,3,Segmentation-size baseline,0.6294970986460349,0.6697936664259694,0.6500483558994197,0.5319148936170213,0.7681818181818182,0.001,408,16
2,3,RAG,0.7691005802707931,0.721448931219838,0.6792553191489361,0.8085106382978723,0.55,100.0,408,16
2,3,Regional contact multigraph,0.7700435203094778,0.6965067935081644,0.7114603481624758,0.8138297872340425,0.6090909090909091,100.0,408,16
2,3,HIG without cuts,0.7390473887814314,0.6573792704245598,0.6694390715667311,0.8297872340425532,0.509090909090909,100.0,408,16
2,3,Binary-incidence HIG,0.7397727272727272,0.6572300190122042,0.6728723404255319,0.8457446808510638,0.5,100.0,408,16
2,3,Full HIG,0.7399177949709864,0.6574499507424648,0.6728723404255319,0.8457446808510638,0.5,100.0,408,16
2,4,Segmentation-size baseline,0.37791239515377445,0.8923548420513668,0.3466915191053122,0.4864864864864865,0.20689655172413793,10.0,325,16
2,4,RAG,0.6208061509785647,0.9467134778400776,0.5447343895619757,0.6756756756756757,0.41379310344827586,100.0,325,16
2,4,Regional contact multigraph,0.6915191053122088,0.9629439170943601,0.5673928238583411,0.652027027027027,0.4827586206896552,100.0,325,16
2,4,HIG without cuts,0.695829450139795,0.953568500987709,0.6688024231127679,0.6824324324324325,0.6551724137931034,0.01,325,16
2,4,Binary-incidence HIG,0.6897716682199441,0.9502882516282818,0.6688024231127679,0.6824324324324325,0.6551724137931034,0.001,325,16
2,4,Full HIG,0.6815004659832246,0.9483988936458537,0.6637348555452003,0.6722972972972973,0.6551724137931034,0.001,325,16
3,0,Segmentation-size baseline,0.7586312506960686,0.8865697162515481,0.6932982514756654,0.476027397260274,0.9105691056910569,100.0,415,16
3,0,RAG,0.8351431117050896,0.9278803524157266,0.7449047778149014,0.684931506849315,0.8048780487804879,100.0,415,16
3,0,Regional contact multigraph,0.808581133756543,0.9171901024696909,0.7389046664439247,0.6404109589041096,0.8373983739837398,100.0,415,16
3,0,HIG without cuts,0.80880387570999,0.9097266567473664,0.6980315179864127,0.5993150684931506,0.7967479674796748,0.01,415,16
3,0,Binary-incidence HIG,0.8062423432453503,0.9116267764548275,0.7102266399376322,0.5993150684931506,0.8211382113821138,0.001,415,16
3,0,Full HIG,0.8071054683149571,0.9117394794578697,0.7102266399376322,0.5993150684931506,0.8211382113821138,0.001,415,16
3,1,Segmentation-size baseline,0.48181475295005116,0.6557342801966121,0.49527183576701334,0.2815884476534296,0.7089552238805971,10.0,411,16
3,1,RAG,0.4874185031521095,0.7031106929606643,0.4788647017619484,0.592057761732852,0.3656716417910448,10.0,411,16
3,1,Regional contact multigraph,0.5158683118702516,0.711785777775252,0.4977638881405248,0.5776173285198556,0.417910447761194,100.0,411,16
3,1,HIG without cuts,0.44873107387251476,0.6412033539983224,0.46551538337194887,0.4981949458483754,0.43283582089552236,0.01,411,16
3,1,Binary-incidence HIG,0.4239721967778437,0.6289733735366283,0.4609488657794062,0.4368231046931408,0.48507462686567165,0.001,411,16
3,1,Full HIG,0.45018589363651057,0.639497600421688,0.46371032922032435,0.49458483754512633,0.43283582089552236,0.01,411,16
3,2,Segmentation-size baseline,0.7356342703039105,0.8636885693751186,0.610750959444041,0.33440514469453375,0.8870967741935484,100.0,435,17
3,2,RAG,0.892905300280054,0.9468934391177066,0.7586868582097293,0.6141479099678456,0.9032258064516129,10.0,435,17
3,2,Regional contact multigraph,0.8978840369256301,0.9533004260801401,0.7675941292397055,0.5916398713826366,0.9435483870967742,100.0,435,17
3,2,HIG without cuts,0.9046260761331811,0.9596731891523015,0.7620060159734467,0.5562700964630225,0.967741935483871,0.001,435,17
3,2,Binary-incidence HIG,0.906441240535214,0.960794588439917,0.7668291670988487,0.5659163987138264,0.967741935483871,0.001,435,17
3,2,Full HIG,0.9062337931749819,0.9602994096136488,0.7620060159734467,0.5562700964630225,0.967741935483871,0.001,435,17
3,3,Segmentation-size baseline,0.4648979591836734,0.7004579459696797,0.44275510204081636,0.5755102040816327,0.31,10.0,345,16
3,3,RAG,0.6607755102040818,0.7932204352811882,0.6207142857142858,0.7714285714285715,0.47,100.0,345,16
3,3,Regional contact multigraph,0.6943265306122448,0.8331387894552023,0.6466326530612245,0.763265306122449,0.53,100.0,345,16
3,3,HIG without cuts,0.729265306122449,0.8433593029149148,0.6577551020408163,0.7755102040816326,0.54,0.01,345,16
3,3,Binary-incidence HIG,0.7273877551020408,0.8432422074933733,0.6625510204081633,0.7551020408163265,0.57,0.01,345,16
3,3,Full HIG,0.7252653061224489,0.8418694454014153,0.6605102040816326,0.7510204081632653,0.57,0.01,345,16
3,4,Segmentation-size baseline,0.7421485260770975,0.8534082789266197,0.6815476190476191,0.5714285714285714,0.7916666666666666,0.1,389,16
3,4,RAG,0.6748299319727891,0.7979871908761588,0.6059240362811791,0.6979591836734694,0.5138888888888888,100.0,389,16
3,4,Regional contact multigraph,0.7067743764172335,0.8211212974779071,0.622250566893424,0.7306122448979592,0.5138888888888888,100.0,389,16
3,4,HIG without cuts,0.7072845804988661,0.8398126042196552,0.6285856009070294,0.7224489795918367,0.5347222222222222,0.01,389,16
3,4,Binary-incidence HIG,0.7654478458049886,0.876116791655891,0.6955640589569161,0.7591836734693878,0.6319444444444444,0.001,389,16
3,4,Full HIG,0.7672052154195012,0.8776469080409073,0.7025085034013605,0.7591836734693878,0.6458333333333334,0.001,389,16
4,0,Segmentation-size baseline,0.5758222373961535,0.7643286689366511,0.5396466370775008,0.3465346534653465,0.7327586206896551,100.0,419,16
4,0,RAG,0.721093661090247,0.8796882174263805,0.6785592352338682,0.49504950495049505,0.8620689655172413,10.0,419,16
4,0,Regional contact multigraph,0.7118185956526688,0.8809785862202458,0.6795692500284511,0.4884488448844885,0.8706896551724138,100.0,419,16
4,0,HIG without cuts,0.6671503357232275,0.8423567052923778,0.6340047797883237,0.40594059405940597,0.8620689655172413,0.01,419,16
4,0,Binary-incidence HIG,0.6689143052236259,0.8483730747301914,0.6373051098213269,0.41254125412541254,0.8620689655172413,0.01,419,16
4,0,Full HIG,0.6693410720382382,0.8483904240411886,0.6373051098213269,0.41254125412541254,0.8620689655172413,0.01,419,16
4,1,Segmentation-size baseline,0.6798328231692959,0.8096179899888105,0.6221156110195432,0.4781021897810219,0.7661290322580645,0.1,398,16
4,1,RAG,0.7711031316223218,0.8958540154444226,0.6963739109959972,0.7153284671532847,0.6774193548387096,100.0,398,16
4,1,Regional contact multigraph,0.7845832352248645,0.901627484985982,0.7117376971980222,0.7299270072992701,0.6935483870967742,100.0,398,16
4,1,HIG without cuts,0.7774311278549566,0.8942041759499559,0.702701907228632,0.6715328467153284,0.7338709677419355,0.001,398,16
4,1,Binary-incidence HIG,0.7780492112079115,0.8960674340370032,0.7132681893101013,0.7007299270072993,0.7258064516129032,0.001,398,16
4,1,Full HIG,0.7781375088297624,0.8959489152018708,0.7092359312455851,0.7007299270072993,0.717741935483871,0.001,398,16
4,2,Segmentation-size baseline,0.6134660593593889,0.8612038574422849,0.5535189538642374,0.38414634146341464,0.7228915662650602,100.0,411,17
4,2,RAG,0.7479797237731414,0.8978850038302642,0.7016786658830443,0.7286585365853658,0.6746987951807228,100.0,411,17
4,2,Regional contact multigraph,0.7805612694681164,0.913395673139399,0.7212018806935057,0.7195121951219512,0.7228915662650602,100.0,411,17
4,2,HIG without cuts,0.7985968263297091,0.9376008176993985,0.692311930649427,0.6737804878048781,0.7108433734939759,0.01,411,17
4,2,Binary-incidence HIG,0.8316191595650897,0.9517733341148769,0.740578166323832,0.6859756097560976,0.7951807228915663,0.001,411,17
4,2,Full HIG,0.8312885689097856,0.9516593455536033,0.7390537760799295,0.6829268292682927,0.7951807228915663,0.001,411,17
4,3,Segmentation-size baseline,0.639319470699433,0.8084132662616962,0.5976284584980237,0.43873517786561267,0.7565217391304347,10.0,368,16
4,3,RAG,0.6439594432032996,0.7943060422004785,0.5675889328063242,0.8221343873517787,0.3130434782608696,100.0,368,16
4,3,Regional contact multigraph,0.5766970269805809,0.7483309075147787,0.5691699604743083,0.7905138339920948,0.34782608695652173,100.0,368,16
4,3,HIG without cuts,0.6382539955318783,0.7928599801328639,0.5948616600790514,0.7984189723320159,0.391304347826087,0.01,368,16
4,3,Binary-incidence HIG,0.6546829352122358,0.8031748434582071,0.5889328063241107,0.7865612648221344,0.391304347826087,0.001,368,16
4,3,Full HIG,0.6543392335452827,0.803235254128515,0.5869565217391305,0.782608695652174,0.391304347826087,0.001,368,16
4,4,Segmentation-size baseline,0.7419029361315709,0.7607097318682654,0.6947835738068813,0.5660377358490566,0.8235294117647058,10.0,399,16
4,4,RAG,0.8007769145394008,0.8442046862276349,0.7259106043789729,0.660377358490566,0.7914438502673797,10.0,399,16
4,4,Regional contact multigraph,0.7920744627181919,0.8447742856871787,0.6974447583493089,0.6462264150943396,0.7486631016042781,100.0,399,16
4,4,HIG without cuts,0.8213096559378469,0.8583347175175005,0.7526485722934113,0.660377358490566,0.8449197860962567,0.01,399,16
4,4,Binary-incidence HIG,0.8406063969327011,0.8683701251344151,0.7609852688931491,0.6556603773584906,0.8663101604278075,0.001,399,16
4,4,Full HIG,0.8406063969327009,0.8678797409838774,0.7633437594591868,0.660377358490566,0.8663101604278075,0.001,399,16